{
  "IcoMoonType": "selection",
  "icons": [
    {
      "icon": {
        "paths": [
          "M0 0h1024v1024h-1024v-1024z",
          "M-11946.667-682.667h13653.333v307882.667h-13653.333v-307882.667z",
          "M-11946.667-682.667h13653.333v2389.333h-13653.333v-2389.333z",
          "M153.583 256.033c0-13.579 5.394-26.602 14.996-36.204s22.625-14.996 36.204-14.996h614.4c13.581 0 26.603 5.394 36.203 14.996 9.604 9.602 14.997 22.625 14.997 36.204s-5.393 26.602-14.997 36.204c-9.6 9.602-22.622 14.996-36.203 14.996h-614.4c-13.579 0-26.602-5.394-36.204-14.996s-14.996-22.625-14.996-36.204z",
          "M153.583 512.034c0-13.581 5.394-26.603 14.996-36.203 9.602-9.604 22.625-14.997 36.204-14.997h614.4c13.581 0 26.603 5.393 36.203 14.997 9.604 9.6 14.997 22.622 14.997 36.203 0 13.577-5.393 26.603-14.997 36.203-9.6 9.604-22.622 14.997-36.203 14.997h-614.4c-13.579 0-26.602-5.393-36.204-14.997-9.602-9.6-14.996-22.626-14.996-36.203z",
          "M153.583 768.034c0-13.581 5.394-26.603 14.996-36.203 9.602-9.604 22.625-14.997 36.204-14.997h614.4c13.581 0 26.603 5.393 36.203 14.997 9.604 9.6 14.997 22.622 14.997 36.203 0 13.577-5.393 26.603-14.997 36.203-9.6 9.604-22.622 14.997-36.203 14.997h-614.4c-13.579 0-26.602-5.393-36.204-14.997-9.602-9.6-14.996-22.626-14.996-36.203z"
        ],
        "attrs": [
          {
            "fill": "rgb(229, 229, 229)"
          },
          {
            "fill": "rgb(255, 255, 255)"
          },
          {
            "fill": "rgb(255, 255, 255)"
          },
          {
            "fill": "rgb(47, 47, 55)"
          },
          {
            "fill": "rgb(47, 47, 55)"
          },
          {
            "fill": "rgb(47, 47, 55)"
          }
        ],
        "isMulticolor": true,
        "isMulticolor2": false,
        "grid": 0,
        "tags": [
          "btn-menu"
        ],
        "colorPermutations": {
          "229229229125525525514747551": [
            {
              "f": 1
            },
            {
              "f": 2
            },
            {
              "f": 2
            },
            {
              "f": 0
            },
            {
              "f": 0
            },
            {
              "f": 0
            }
          ]
        }
      },
      "attrs": [
        {
          "fill": "rgb(229, 229, 229)"
        },
        {
          "fill": "rgb(255, 255, 255)"
        },
        {
          "fill": "rgb(255, 255, 255)"
        },
        {
          "fill": "rgb(47, 47, 55)"
        },
        {
          "fill": "rgb(47, 47, 55)"
        },
        {
          "fill": "rgb(47, 47, 55)"
        }
      ],
      "properties": {
        "order": 13,
        "id": 3,
        "name": "btn-menu",
        "prevSize": 32
      },
      "setIdx": 2,
      "setId": 4,
      "iconIdx": 0
    }
  ],
  "height": 1024,
  "preferences": {
    "showGlyphs": true,
    "showQuickUse": true,
    "showQuickUse2": true,
    "showSVGs": true,
    "fontPref": {
      "prefix": "icon-",
      "metadata": {
        "fontFamily": "icomoon"
      },
      "metrics": {
        "emSize": 1024,
        "baseline": 6.25,
        "whitespace": 50
      },
      "embed": false
    },
    "imagePref": {
      "prefix": "icon-",
      "png": true,
      "useClassSelector": true,
      "color": 0,
      "bgColor": 16777215,
      "classSelector": ".icon",
      "name": "icomoon",
      "height": 32,
      "columns": 16,
      "margin": 16
    },
    "historySize": 50,
    "showCodes": true,
    "gridSize": 16
  }
}